,dki,jabar,jateng,jatim,sulsel,sumut
dki,1.0,0.0031399862982416076,0.007778142596212612,0.02775023105493632,0.005093467847557266,9.069636670354985e-05
jabar,0.0031399862982416076,1.0,0.017647250119181373,0.009060392636304565,0.010712450931409297,0.005609194893261865
jateng,0.007778142596212612,0.017647250119181373,1.0,0.009522712614569077,0.024538579277365805,0.045307239832405415
jatim,0.02775023105493632,0.009060392636304565,0.009522712614569077,1.0,0.021452590396021907,0.00743084386797771
sulsel,0.005093467847557266,0.010712450931409297,0.024538579277365805,0.021452590396021907,1.0,0.009804831710292295
sumut,9.069636670354985e-05,0.005609194893261865,0.045307239832405415,0.00743084386797771,0.009804831710292295,1.0
